"","sub_div","delta_cond"
"1","24",-0.143425094290655
"2","25",-0.186375371730624
"3","26",-0.168826569461244
"4","27",-0.210608256195908
"5","28",-0.21325202967914
"6","Total",-0.179571981029298
