"","sub_div","delta_cond"
"1","24",-0.146322764412373
"2","25",-0.186540172440994
"3","26",-0.18072929921541
"4","27",-0.212713855791188
"5","28",-0.215076983895942
"6","Total",-0.188237317692452
