"","sub_div","delta_cond"
"1","24",-0.136806184413583
"2","25",-0.195785901016669
"3","26",-0.176912775300043
"4","27",-0.252352857808361
"5","28",-0.239367845224879
"6","Total",-0.198928500574365
